System_ID,Composite,Active,Active_wt%,Support,Support_wt%,Cocatalyst,Cocatalyst_wt%,avg_band_gap,avg_cbm,avg_vbm,avg_energy_above_hull,avg_formation_energy_per_atom,avg_weighted_surface_energy,avg_weighted_work_function,avg_density,Active_is_gap_direct,Active_is_stable,Active_crystal_system
1,CsPbBr3/nan/nan,CsPbBr3,100.0,,0.0,,0.0,2.012099999999999,2.4894,0.4773,0.0045843869999990005,-1.629785204431034,,,4.733981032983984,True,False,Orthorhombic
2,Bi2WO6/nan/nan,Bi2WO6,100.0,,0.0,,0.0,1.908999999999999,5.5352,3.6262,0.000449895,-1.956102882222222,,,9.289459421405475,False,False,Orthorhombic
3,CsPbBr3/Bi2WO6/nan,CsPbBr3,50.0,Bi2WO6,50.0,,0.0,1.960549999999999,4.0123,2.0517499999999997,0.0025171409999995,-1.792944043326628,,,7.011720227194729,True,False,Orthorhombic
4,CsPbBr3/Bi2WO6/nan,CsPbBr3,33.33,Bi2WO6,66.67,,0.0,1.943363229999999,4.52003486,2.57667163,0.0018279211835996669,-1.847341200214419,,,7.7711184745445925,True,False,Orthorhombic
5,CsPbBr3/Bi2WO6/nan,CsPbBr3,20.0,Bi2WO6,80.0,,0.0,1.929619999999999,4.92604,2.99642,0.0012767933999998002,-1.8908393466639843,,,8.378363743721177,True,False,Orthorhombic
6,CsPbBr3/Bi2WO6/nan,CsPbBr3,11.11,Bi2WO6,88.89,,0.0,1.920454409999999,5.19681162,3.27635721,0.0009092370611998889,-1.919848988219621,,,8.783345772451847,True,False,Orthorhombic
7,CsPbBr3/Bi2WO6/nan,CsPbBr3,9.09,Bi2WO6,90.91,,0.0,1.9183717899999988,5.25833678,3.33996499,0.000825720322799909,-1.926440605311003,,,8.875366435897961,True,False,Orthorhombic
18,ZnO/C48H34N6O32Zr6/C9OH2,ZnO,49.0,C48H34N6O32Zr6,49.5,C9OH2,1.5,0.630899999999999,1.4724,0.8415,0.00806893,-1.782830182499999,,,5.708336616549273,True,False,Cubic
24,Cu/C48H34N6O32Zr6/nan,Cu,0.392,C48H34N6O32Zr6,99.608,,0.0,0.0,,,0.007716539999998001,0.007716539999998001,1.390374491664041,4.554791979046378,9.210602272661523,False,False,Hexagonal
25,Cu/C48H34N6O32Zr6/nan,Cu,0.821,C48H34N6O32Zr6,99.179,,0.0,0.0,,,0.007716539999998,0.007716539999998,1.390374491664041,4.554791979046378,9.210602272661523,False,False,Hexagonal
26,C3N4/nan/nan,C3N4,100.0,,0.0,,0.0,1.181499999999999,3.0216,1.8401,0.088740559642856,0.088740559642857,,,1.9438842012271311,False,False,Orthorhombic
27,C3N4/nan/nan,C3N4,100.0,,0.0,,0.0,1.181499999999999,3.0216,1.8401,0.088740559642856,0.088740559642857,,,1.9438842012271311,False,False,Orthorhombic
28,C3N4/ZnC8H10N4/nan,C3N4,90.9,ZnC8H10N4,9.099999999999994,,0.0,1.181499999999999,3.0216,1.8401,0.088740559642856,0.088740559642857,,,1.9438842012271311,False,False,Orthorhombic
29,C3N4/ZnC8H10N4/nan,C3N4,88.9,ZnC8H10N4,11.099999999999994,,0.0,1.181499999999999,3.0216,1.8401,0.088740559642856,0.088740559642857,,,1.9438842012271311,False,False,Orthorhombic
30,C3N4/ZnC8H10N4/nan,C3N4,83.3,ZnC8H10N4,16.700000000000003,,0.0,1.181499999999999,3.0216,1.8401000000000003,0.088740559642856,0.088740559642857,,,1.9438842012271311,False,False,Orthorhombic
31,C3N4/ZnC8H10N4/nan,C3N4,66.7,ZnC8H10N4,33.3,,0.0,1.181499999999999,3.0215999999999994,1.8400999999999998,0.088740559642856,0.088740559642857,,,1.9438842012271311,False,False,Orthorhombic
32,C3N4/ZnC8H10N4/nan,C3N4,50.0,ZnC8H10N4,50.0,,0.0,1.181499999999999,3.0216,1.8401,0.088740559642856,0.088740559642857,,,1.9438842012271311,False,False,Orthorhombic
35,TiO2/ZnC8H10N4/nan,TiO2,99.86,ZnC8H10N4,0.14000000000000057,,0.0,2.2862,4.8517,2.5655,0.0030413275,-3.505014124444444,,,4.105159895594103,False,False,Orthorhombic
41,CuO/C48H28O36Ti8/nan,CuO,1.0,C48H28O36Ti8,99.0,,0.0,0.0,,,0.000264654999999,-0.9425302874999991,,,5.938478413978436,False,False,Monoclinic
42,C3N4/C48H28O36Ti8/nan,C3N4,2.5,C48H28O36Ti8,97.5,,0.0,1.181499999999999,3.0216,1.8401,0.08874055964285599,0.088740559642857,,,1.9438842012271311,False,False,Orthorhombic
43,C3N4/C48H28O36Ti8/CuO,C3N4,1.5,C48H28O36Ti8,97.5,CuO,1.0,0.7088999999999993,3.0216,1.8401,0.0533501977857132,-0.3237677792142854,,,3.5417218863276534,False,False,Orthorhombic
44,C3N4/C48H28O36Ti8/CuO,C3N4,2.0,C48H28O36Ti8,97.0,CuO,1.0,0.7876666666666662,3.0216,1.8401,0.05924859142857034,-0.2550163894047617,,,3.2754156054775665,False,False,Orthorhombic
45,C3N4/C48H28O36Ti8/CuO,C3N4,2.5,C48H28O36Ti8,96.5,CuO,1.0,0.8439285714285708,3.0216,1.8401,0.06346172974489685,-0.20590825382653044,,,3.0851968334417896,False,False,Orthorhombic
46,C3N4/C48H28O36Ti8/CuO,C3N4,3.0,C48H28O36Ti8,96.0,CuO,1.0,0.8861249999999993,3.0216,1.8401,0.06662158348214174,-0.169077152142857,,,2.942532754414957,False,False,Orthorhombic
47,C3N4/C48H28O36Ti8/CuO,C3N4,3.5,C48H28O36Ti8,95.5,CuO,1.0,0.9189444444444437,3.0216,1.8400999999999998,0.06907924749999889,-0.14043073972222211,,,2.8315718040607547,False,False,Orthorhombic
48,CuO/C48H28O36Ti8/C3N4,CuO,0.5,C48H28O36Ti8,97.0,C3N4,2.5,0.9845833333333326,3.0216,1.8401,0.07399457553571316,-0.08313791488095233,,,2.6096499033523486,False,False,Monoclinic
49,CuO/C48H28O36Ti8/C3N4,CuO,1.5,C48H28O36Ti8,96.0,C3N4,2.5,0.7384374999999995,3.0216,1.8401,0.05556209540178462,-0.297986008035714,,,3.4418570310088707,False,False,Monoclinic
50,CuO/C48H28O36Ti8/C3N4,CuO,2.0,C48H28O36Ti8,95.5,C3N4,2.5,0.6563888888888885,3.0216,1.8401,0.04941793535714178,-0.36960203908730127,,,3.7192594068943783,False,False,Monoclinic
56,Zn2GeO4/nan/nan,Zn2GeO4,100.0,,0.0,,0.0,2.2752,2.0806,-0.19460000000000002,0.0,-1.9692918614285722,,,4.755174506972145,True,True,Trigonal
57,ZnC8H10N4/Zn2GeO4/nan,ZnC8H10N4,25.0,Zn2GeO4,75.0,,0.0,2.2752,2.0806,-0.19460000000000002,0.0,-1.9692918614285722,,,4.755174506972145,,,
58,ZnC8H10N4/Zn2GeO4/Pt,ZnC8H10N4,25.0,Zn2GeO4,74.0,Pt,1.0,2.2448639999999997,2.0806,-0.19460000000000002,0.0009212495333333466,-1.9421133870761913,,,4.964891438507158,,,
59,ZnO/nan/nan,ZnO,100.0,,0.0,,0.0,0.630899999999999,1.4724,0.8415,0.00806893,-1.782830182499999,,,5.708336616549273,True,False,Cubic
60,NiO/ZnO/nan,NiO,10.0,ZnO,90.0,,0.0,0.797899999999999,2.12444,1.32654,0.007262037000000001,-1.726355694249999,,,5.81371840265623,False,True,Cubic
61,NiO/ZnO/nan,NiO,30.0,ZnO,70.0,,0.0,1.131899999999999,3.42852,2.29662,0.005648251,-1.6134067177499989,,,6.024481974870142,False,True,Cubic
62,NiO/ZnO/nan,NiO,50.0,ZnO,50.0,,0.0,1.465899999999999,4.7326,3.2667,0.004034465,-1.500457741249999,,,6.235245547084055,False,True,Cubic
63,NiO/nan/nan,NiO,100.0,,0.0,,0.0,2.300899999999999,7.9928,5.6919,0.0,-1.218085299999999,,,6.762154477618838,False,True,Cubic
65,Cu/ZnC8H10N4/nan,Cu,6.5,ZnC8H10N4,93.5,,0.0,0.0,,,0.007716539999998,0.007716539999998,1.390374491664041,4.554791979046378,9.210602272661523,False,False,Hexagonal
66,Cu/ZnC8H10N4/nan,Cu,12.3,ZnC8H10N4,87.7,,0.0,0.0,,,0.007716539999998001,0.007716539999998001,1.390374491664041,4.554791979046378,9.210602272661523,False,False,Hexagonal
67,Cu/ZnC8H10N4/nan,Cu,12.3,ZnC8H10N4,87.7,,0.0,0.0,,,0.007716539999998001,0.007716539999998001,1.390374491664041,4.554791979046378,9.210602272661523,False,False,Hexagonal
68,Cu/ZnC8H10N4/nan,Cu,12.3,ZnC8H10N4,87.7,,0.0,0.0,,,0.007716539999998001,0.007716539999998001,1.390374491664041,4.554791979046378,9.210602272661523,False,False,Hexagonal
69,Cu/ZnC8H10N4/nan,Cu,17.3,ZnC8H10N4,82.7,,0.0,0.0,,,0.007716539999998,0.007716539999998,1.390374491664041,4.554791979046378,9.210602272661523,False,False,Hexagonal
70,TiO2/SiO2/nan,TiO2,3.85,SiO2,96.15,,0.0,5.53924295,6.21635695,0.6771140000000001,0.0007187059320838676,-3.281168766116945,,,2.6889643081128454,False,False,Orthorhombic
71,TiO2/SiO2/nan,TiO2,1.96,SiO2,98.04,,0.0,5.603187320000001,6.24318172,0.6399944000000001,0.0006730506563338781,-3.276768685750445,,,2.6611264541311543,False,False,Orthorhombic
72,TiO2/SiO2/nan,TiO2,0.99,SiO2,99.01,,0.0,5.636005330000001,6.256948930000001,0.6209436,0.0006496191126949947,-3.2745104434459456,,,2.6468393015585407,False,False,Orthorhombic
73,TiO2/SiO2/CuC44H28N4,TiO2,3.85,SiO2,95.05000000000001,CuC44H28N4,1.1,5.537794186046512,6.215749191102123,0.6779550050556119,0.0007197403267896588,-3.28126845711128,,,2.6895950200799996,False,False,Orthorhombic
74,TiO2/SiO2/CuC44H28N4,TiO2,3.85,SiO2,95.05000000000001,CuC44H28N4,1.1,5.537794186046512,6.215749191102123,0.6779550050556119,0.0007197403267896588,-3.28126845711128,,,2.6895950200799996,False,False,Orthorhombic
75,TiO2/SiO2/CuC44H28N4,TiO2,3.85,SiO2,95.05000000000001,CuC44H28N4,1.1,5.537794186046512,6.215749191102123,0.6779550050556119,0.0007197403267896588,-3.28126845711128,,,2.6895950200799996,False,False,Orthorhombic
76,TiO2/SiO2/CuC44H28N4,TiO2,3.85,SiO2,95.05000000000001,CuC44H28N4,1.1,5.537794186046512,6.215749191102123,0.6779550050556119,0.0007197403267896588,-3.28126845711128,,,2.6895950200799996,False,False,Orthorhombic
77,TiO2/SiO2/CuC44H28N4,TiO2,3.85,SiO2,95.05000000000001,CuC44H28N4,1.1,5.537794186046512,6.215749191102123,0.6779550050556119,0.0007197403267896588,-3.28126845711128,,,2.6895950200799996,False,False,Orthorhombic
78,TiO2/SiO2/CuC44H28N4,TiO2,3.85,SiO2,95.05000000000001,CuC44H28N4,1.1,5.537794186046512,6.215749191102123,0.6779550050556119,0.0007197403267896588,-3.28126845711128,,,2.6895950200799996,False,False,Orthorhombic
82,Au/ZnC8H10N4/nan,Au,5.0,ZnC8H10N4,95.0,,0.0,0.0,,,0.0021085050000020002,0.0021085050000020002,,,18.530172833626356,False,False,Hexagonal
83,Au/ZnC8H10N4/nan,Au,10.0,ZnC8H10N4,90.0,,0.0,0.0,,,0.0021085050000020002,0.0021085050000020002,,,18.530172833626356,False,False,Hexagonal
84,Au/ZnC8H10N4/nan,Au,20.0,ZnC8H10N4,80.0,,0.0,0.0,,,0.0021085050000020002,0.0021085050000020002,,,18.530172833626356,False,False,Hexagonal
85,Au/ZnC8H10N4/nan,Au,30.0,ZnC8H10N4,70.0,,0.0,0.0,,,0.0021085050000020002,0.0021085050000020002,,,18.530172833626356,False,False,Hexagonal
86,TiO2/nan/nan,TiO2,100.0,,0.0,,0.0,2.2862,4.8517,2.5655,0.0030413275,-3.505014124444444,,,4.105159895594103,False,False,Orthorhombic
87,TiO2/nan/nan,TiO2,100.0,,0.0,,0.0,2.2862,4.8517,2.5655,0.0030413275,-3.505014124444444,,,4.105159895594103,False,False,Orthorhombic
88,TiO2/nan/Mg,TiO2,99.93,,-6.827871601444713e-15,Mg,0.07,2.28459966,4.8517,2.5655,0.003041567464083333,-3.502558245664,,,4.1035389190677645,False,False,Orthorhombic
89,TiO2/nan/Mg,TiO2,99.9,,-5.689893001203927e-15,Mg,0.1,2.2839138,4.8517,2.5655,0.0030416703058333333,-3.501505726186667,,,4.10284421484219,False,False,Orthorhombic
90,TiO2/nan/Mg,TiO2,99.83,,1.6930901125533637e-15,Mg,0.17,2.28231346,4.8517,2.5655,0.003041910269916666,-3.499049847406222,,,4.101223238315851,False,False,Orthorhombic
91,ZnO/nan/nan,ZnO,100.0,,0.0,,0.0,0.630899999999999,1.4724,0.8415,0.00806893,-1.782830182499999,,,5.708336616549273,True,False,Cubic
92,Cu/ZnO/nan,Cu,0.25,ZnO,99.75,,0.0,0.629322749999999,1.4724,0.8415,0.008068049024999996,-1.7783538156937493,1.390374491664041,4.554791979046378,5.717092280689553,False,False,Hexagonal
93,Cu/ZnO/nan,Cu,0.5,ZnO,99.5,,0.0,0.6277454999999991,1.4724,0.8415,0.008067168049999992,-1.773877448887499,1.390374491664041,4.554791979046378,5.725847944829834,False,False,Hexagonal
94,Cu/ZnO/nan,Cu,1.0,ZnO,99.0,,0.0,0.624590999999999,1.4724,0.8415,0.00806540609999998,-1.764924715274999,1.390374491664041,4.554791979046378,5.7433592731103955,False,False,Hexagonal
95,Cu/ZnO/nan,Cu,1.5,ZnO,98.5,,0.0,0.6214364999999991,1.4724,0.8415,0.00806364414999997,-1.755971981662499,1.390374491664041,4.554791979046378,5.760870601390956,False,False,Hexagonal
96,Fe3O4/nan/nan,Fe3O4,100.0,,0.0,,0.0,0.0,,,0.013059251428572002,-1.6295829685714271,,,5.108710522936223,False,False,Cubic
100,ZnO/Fe3O4/nan,ZnO,75.0,Fe3O4,25.0,,0.0,0.47317499999999924,1.4723999999999997,0.8415,0.009316510357143,-1.744518379017856,,,5.5584300931460096,True,False,Cubic
101,C70H26O11/Fe3O4/ZnO,C70H26O11,4.0,Fe3O4,24.0,ZnO,72.0,0.47317499999999924,1.4724,0.8415,0.009316510357143001,-1.744518379017856,,,5.5584300931460096,,,
102,C9OH2/Fe3O4/ZnO,C9OH2,4.0,Fe3O4,24.0,ZnO,72.0,0.47317499999999924,1.4724,0.8415,0.009316510357143001,-1.744518379017856,,,5.5584300931460096,,,
103,CuZnO/Fe3O4/nan,CuZnO,75.0,Fe3O4,25.0,,0.0,0.0,,,0.013059251428572002,-1.6295829685714271,,,5.108710522936223,,,
104,C70H26O11/Fe3O4/CuZnO,C70H26O11,4.0,Fe3O4,24.0,CuZnO,72.0,0.0,,,0.013059251428572002,-1.6295829685714271,,,5.108710522936223,,,
105,C9OH2/Fe3O4/CuZnO,C9OH2,4.0,Fe3O4,24.0,CuZnO,72.0,0.0,,,0.013059251428572002,-1.6295829685714271,,,5.108710522936223,,,
106,Bi2WO6/nan/nan,Bi2WO6,100.0,,0.0,,0.0,1.908999999999999,5.5352,3.6262,0.000449895,-1.956102882222222,,,9.289459421405475,False,False,Orthorhombic
107,Ti3C2/Bi2WO6/nan,Ti3C2,0.5,Bi2WO6,99.5,,0.0,1.899454999999999,5.5404915,3.641148,0.00070228931166667,-1.9503023296611108,,,9.2656202707866,False,False,Hexagonal
108,Ti3C2/Bi2WO6/nan,Ti3C2,1.0,Bi2WO6,99.0,,0.0,1.8899099999999989,5.545782999999999,3.656096,0.00095468362333334,-1.9445017770999997,,,9.241781120167726,False,False,Hexagonal
109,Ti3C2/Bi2WO6/nan,Ti3C2,2.0,Bi2WO6,98.0,,0.0,1.8708199999999988,5.556366,3.6859919999999997,0.0014594722466666802,-1.9329006719777775,,,9.194102818929979,False,False,Hexagonal
110,Ti3C2/Bi2WO6/nan,Ti3C2,5.0,Bi2WO6,95.0,,0.0,1.8135499999999989,5.588114999999999,3.7756799999999995,0.0029738381166667005,-1.8980973566111108,,,9.051067915216734,False,False,Hexagonal
111,C3N4/nan/nan,C3N4,100.0,,0.0,,0.0,1.181499999999999,3.0216,1.8401,0.088740559642856,0.088740559642857,,,1.9438842012271311,False,False,Orthorhombic
112,C70H26O11/C3N4/nan,C70H26O11,1.0,C3N4,99.0,,0.0,1.181499999999999,3.0216,1.8401,0.088740559642856,0.088740559642857,,,1.9438842012271311,,,
113,Ag2CrO4/C3N4/nan,Ag2CrO4,5.0,C3N4,95.0,,0.0,1.1919199999999992,2.9810449999999995,1.7891249999999999,0.08550528003571299,0.028808147119047542,,,2.115243783000466,False,False,Orthorhombic
114,Ag2CrO4/C3N4/nan,Ag2CrO4,10.0,C3N4,90.0,,0.0,1.202339999999999,2.94049,1.73815,0.08227000042857,-0.031124265404761917,,,2.2866033647738004,False,False,Orthorhombic
115,Ag2CrO4/C3N4/nan,Ag2CrO4,20.0,C3N4,80.0,,0.0,1.2231799999999993,2.85938,1.6362,0.075799441214284,-0.15098909045238085,,,2.6293225283204693,False,False,Orthorhombic
116,Ag2CrO4/C3N4/nan,Ag2CrO4,30.0,C3N4,70.0,,0.0,1.2440199999999992,2.7782699999999996,1.5342500000000001,0.069328881999998,-0.2708539154999997,,,2.9720416918671386,False,False,Orthorhombic
117,Ag2CrO4/C3N4/nan,Ag2CrO4,40.0,C3N4,60.0,,0.0,1.2648599999999994,2.6971600000000002,1.4323000000000001,0.062858322785712,-0.3907187405476187,,,3.314760855413808,False,False,Orthorhombic
118,Ag2CrO4/nan/nan,Ag2CrO4,100.0,,0.0,,0.0,1.3899,2.2105,0.8206,0.024034967499996,-1.109907690833332,,,5.371075836693823,False,False,Orthorhombic
119,Ag2CrO4/C3N4/C70H26O11,Ag2CrO4,10.0,C3N4,89.0,C70H26O11,1.0,1.2025505050505043,2.939670707070707,1.7371202020202023,0.08220464124458732,-0.03233502121332372,,,2.2900651745065947,False,False,Orthorhombic
121,C3N4/nan/nan,C3N4,100.0,,0.0,,0.0,1.181499999999999,3.0216,1.8401,0.088740559642856,0.088740559642857,,,1.9438842012271311,False,False,Orthorhombic
122,C32H16CoN8/C3N4/nan,C32H16CoN8,5.0,C3N4,95.0,,0.0,1.181499999999999,3.0216,1.8401,0.088740559642856,0.088740559642857,,,1.9438842012271313,,,
123,C32H16CoN8/C3N4/nan,C32H16CoN8,10.0,C3N4,90.0,,0.0,1.181499999999999,3.0216,1.8401,0.088740559642856,0.088740559642857,,,1.9438842012271311,,,
124,C32H16CoN8/C3N4/nan,C32H16CoN8,15.0,C3N4,85.0,,0.0,1.181499999999999,3.0216,1.8401,0.08874055964285602,0.088740559642857,,,1.9438842012271313,,,
125,C3N4/nan/nan,C3N4,100.0,,0.0,,0.0,1.181499999999999,3.0216,1.8401,0.088740559642856,0.088740559642857,,,1.9438842012271311,False,False,Orthorhombic
126,CdSe/nan/nan,CdSe,100.0,,0.0,,0.0,0.5096,0.9678,0.4582,0.000553682500001,-0.8370525111718741,,,5.4899073125829645,True,False,Cubic
127,CdSe/C3N4/nan,CdSe,20.52,C3N4,79.48,,0.0,1.0436261199999994,2.6001602399999997,1.55653412,0.07064461245314216,-0.10123217848832582,,,2.671528143677348,True,False,Cubic
128,CdSe/C3N4/nan,CdSe,21.4,C3N4,78.6,,0.0,1.0377133999999995,2.5820868000000003,1.5443734000000002,0.06986856793428503,-0.10937915751149546,,,2.70273314705728,True,False,Cubic
129,CdSe/C3N4/nan,CdSe,18.48,C3N4,81.52,,0.0,1.0573328799999995,2.64205776,1.5847248800000002,0.07244362474685641,-0.08234599984370532,,,2.5991892722056895,True,False,Cubic
130,CdSe/C3N4/nan,CdSe,20.49,C3N4,79.51,,0.0,1.0438276899999994,2.60077638,1.55694869,0.070671068516285,-0.10095444056708136,,,2.670464336743941,True,False,Cubic
131,CdSe/C3N4/nan,CdSe,24.47,C3N4,75.53,,0.0,1.0170860699999993,2.5190351399999997,1.50194907,0.06716123080599938,-0.13780100478550772,,,2.8115960565759037,True,False,Cubic
132,CdSe/C3N4/nan,CdSe,18.84,C3N4,81.16,,0.0,1.0549140399999992,2.63466408,1.5797500400000002,0.07212615198914211,-0.08567885489863833,,,2.61195495540657,True,False,Cubic
133,CdSe/C3N4/nan,CdSe,22.46,C3N4,77.53999999999999,,0.0,1.0305912599999993,2.5603165199999998,1.52972526,0.06893378703657077,-0.11919256406213163,,,2.7403209920376517,True,False,Cubic
134,CdSe/C3N4/nan,CdSe,20.99,C3N4,79.01,,0.0,1.0404681899999992,2.59050738,1.5500391900000001,0.07023013413057073,-0.10558340592115503,,,2.6881944523007206,True,False,Cubic
135,CdSe/C3N4/nan,CdSe,20.95,C3N4,79.05,,0.0,1.0407369499999992,2.5913288999999997,1.55059195,0.07026540888142788,-0.10521308869282915,,,2.6867760430561782,True,False,Cubic
136,C3N4/nan/nan,C3N4,100.0,,0.0,,0.0,1.181499999999999,3.0216,1.8401,0.088740559642856,0.088740559642857,,,1.9438842012271311,False,False,Orthorhombic
137,C3N4/nan/nan,C3N4,100.0,,0.0,,0.0,1.181499999999999,3.0216,1.8401,0.088740559642856,0.088740559642857,,,1.9438842012271311,False,False,Orthorhombic
138,C3N4/nan/nan,C3N4,100.0,,0.0,,0.0,1.181499999999999,3.0216,1.8401,0.088740559642856,0.088740559642857,,,1.9438842012271311,False,False,Orthorhombic
139,ZnO/nan/nan,ZnO,100.0,,0.0,,0.0,0.630899999999999,1.4724,0.8415,0.00806893,-1.782830182499999,,,5.708336616549273,True,False,Cubic
140,V2O5/nan/nan,V2O5,100.0,,0.0,,0.0,1.8736000000000002,1.0895,-0.7841,0.004515061428572001,-2.284506755714286,,,3.173121961566887,False,False,Orthorhombic
141,ZnO/V2O5/nan,ZnO,50.0,V2O5,50.0,,0.0,1.2522499999999996,1.2809499999999998,0.028700000000000003,0.006291995714286,-2.0336684691071425,,,4.44072928905808,True,False,Cubic
142,ZnV2O6/nan/nan,ZnV2O6,100.0,,0.0,,0.0,2.4226,3.065,0.6424000000000001,0.019114350833316,-2.19748324111111,,,4.427760559782451,False,False,Monoclinic
143,ZnV2O6/C3N4/nan,ZnV2O6,40.0,C3N4,60.0,,0.0,1.6779399999999995,3.03896,1.3610200000000001,0.06089007611904,-0.8257489606587298,,,2.9374347446492592,False,False,Monoclinic
144,TiO2/C/nan,TiO2,98.0,C,2.0,,0.0,2.242368,4.83703,2.594662,0.0029963134500000004,-3.4348980294555553,,,4.066637699958569,False,False,Orthorhombic
145,K2Ti4O9/nan/nan,K2Ti4O9,100.0,,0.0,,0.0,3.0211,3.9344,0.9133,0.0023827283333260002,-3.258138655522222,,,3.432957023281483,False,False,Monoclinic
146,TiO2/Ti4O9/nan,TiO2,50.0,Ti4O9,50.0,,0.0,2.2862,4.8517,2.5655,0.0030413275,-3.505014124444444,,,4.105159895594103,False,False,Orthorhombic
147,Cu2O/Ti4O9/nan,Cu2O,4.9,Ti4O9,95.1,,0.0,0.512699999999999,4.6347000000000005,4.122,0.0,-0.6445054383333331,,,6.20494716806907,True,True,Cubic
148,Cu2O/Ti4O9/TiO2,Cu2O,4.9,Ti4O9,47.599999999999994,TiO2,47.5,2.1203574427480913,4.831408015267176,2.711050572519084,0.002756928554389313,-3.2375238083768023,,,4.301514048936228,True,True,Cubic
149,TiO2/nan/nan,TiO2,100.0,,0.0,,0.0,2.2862,4.8517,2.5655,0.0030413275,-3.505014124444444,,,4.105159895594103,False,False,Orthorhombic
150,TiO2/nan/nan,TiO2,100.0,,0.0,,0.0,2.2862,4.8517,2.5655,0.0030413275,-3.505014124444444,,,4.105159895594103,False,False,Orthorhombic
151,TiO2/C/nan,TiO2,39.3,C,60.7,,0.0,0.9558987999999994,4.4064654999999995,3.4505667,0.0016751510825,-1.3769906415316664,,,2.93601125805566,False,False,Orthorhombic
152,TiO2/C/nan,TiO2,64.7,C,35.3,,0.0,1.5125651999999996,4.5927745,3.0802093,0.0022468295175000004,-2.2674650478905556,,,3.425243142626936,False,False,Orthorhombic
153,TiO2/C/nan,TiO2,93.0,C,7.0,,0.0,2.132788,4.800355000000001,2.667567,0.002883778325,-3.259607791983333,,,3.9703322108697363,False,False,Orthorhombic
154,TiO2/nan/nan,TiO2,100.0,,0.0,,0.0,2.2862,4.8517,2.5655,0.0030413275,-3.505014124444444,,,4.105159895594103,False,False,Orthorhombic
155,TiO2/S8/Au,TiO2,58.8,S8,40.0,Au,1.2,2.2980055999999998,3.826436842105263,1.5005202429149798,0.001962254755000024,-2.060774350988333,,,3.391490075738826,False,False,Orthorhombic
156,TiO2/nan/nan,TiO2,100.0,,0.0,,0.0,2.2862,4.8517,2.5655,0.0030413275,-3.505014124444444,,,4.105159895594103,False,False,Orthorhombic
157,TiO2/nan/nan,TiO2,100.0,,0.0,,0.0,2.2862,4.8517,2.5655,0.0030413275,-3.505014124444444,,,4.105159895594103,False,False,Orthorhombic
158,TiO2/C/nan,TiO2,100.0,C,0.0,,0.0,2.2862,4.8517,2.5655,0.0030413275,-3.505014124444444,,,4.105159895594103,False,False,Orthorhombic
159,TiO2/C/nan,TiO2,100.0,C,0.0,,0.0,2.2862,4.8517,2.5655,0.0030413275,-3.505014124444444,,,4.105159895594103,False,False,Orthorhombic
160,TiO2/C/NiO,TiO2,99.7,C,-2.831068712794149e-15,NiO,0.3,2.2862441,4.8611233,2.5748792,0.0030322035175,-3.4981533379711105,,,4.1131308793401775,False,False,Orthorhombic
161,TiO2/C/NiO,TiO2,99.7,C,-2.831068712794149e-15,NiO,0.3,2.2862441,4.8611233,2.5748792,0.0030322035175,-3.4981533379711105,,,4.1131308793401775,False,False,Orthorhombic
162,TiO2/nan/nan,TiO2,100.0,,0.0,,0.0,2.2862,4.8517,2.5655,0.0030413275,-3.505014124444444,,,4.105159895594103,False,False,Orthorhombic
163,TiO2/nan/Ni(OH)2,TiO2,99.5,,0.0,Ni(OH)2,0.5,2.278604,4.848138,2.569534,0.003080852975,-3.493710501289722,,,4.104965552760846,False,False,Orthorhombic
164,TiO2/nan/Ni(OH)2,TiO2,99.0,,0.0,Ni(OH)2,1.0,2.271008,4.844576,2.5735680000000003,0.00312037845,-3.4824068781349995,,,4.104771209927588,False,False,Orthorhombic
165,TiO2/nan/Ni(OH)2,TiO2,98.5,,0.0,Ni(OH)2,1.5,2.263412,4.841014,2.5776019999999997,0.0031599039249999997,-3.471103254980277,,,4.10457686709433,False,False,Orthorhombic
166,TiO2/nan/Ni(OH)2,TiO2,98.0,,0.0,Ni(OH)2,2.0,2.2558160000000003,4.837452,2.581636,0.0031994294000000003,-3.4597996318255553,,,4.104382524261072,False,False,Orthorhombic
167,TiO2/nan/Ni(OH)2,TiO2,85.0,,0.0,Ni(OH)2,15.0,2.05832,4.74484,2.68652,0.00422709175,-3.1659054298027773,,,4.099329610596369,False,False,Orthorhombic
168,Ni(OH)2/nan/nan,Ni(OH)2,100.0,,0.0,,0.0,0.767,4.1393,3.3723,0.0109464225,-1.244289493499999,,,4.066291328942543,False,False,Trigonal
169,TiO2/nan/nan,TiO2,100.0,,0.0,,0.0,2.2862,4.8517,2.5655,0.0030413275,-3.505014124444444,,,4.105159895594103,False,False,Orthorhombic
170,TiO2/nan/nan,TiO2,100.0,,0.0,,0.0,2.2862,4.8517,2.5655,0.0030413275,-3.505014124444444,,,4.105159895594103,False,False,Orthorhombic
171,TiO2/C9OH2/nan,TiO2,99.25,C9OH2,0.75,,0.0,2.2862,4.8517,2.5655,0.0030413275,-3.505014124444444,,,4.105159895594103,False,False,Orthorhombic
172,TiO2/C9OH2/nan,TiO2,99.25,C9OH2,0.75,,0.0,2.2862,4.8517,2.5655,0.0030413275,-3.505014124444444,,,4.105159895594103,False,False,Orthorhombic
173,TiO2/C9OH2/CeO2,TiO2,98.25,C9OH2,0.75,CeO2,1.0,2.2819531486146096,4.872376070528968,2.5904229219143575,0.0030106844017632243,-3.509267646582703,,,4.13427424529758,False,False,Orthorhombic
174,TiO2/C9OH2/CeO2,TiO2,98.25,C9OH2,0.75,CeO2,1.0,2.2819531486146096,4.872376070528968,2.5904229219143575,0.0030106844017632243,-3.509267646582703,,,4.13427424529758,False,False,Orthorhombic
175,C3N4/nan/nan,C3N4,100.0,,0.0,,0.0,1.181499999999999,3.0216,1.8401,0.088740559642856,0.088740559642857,,,1.9438842012271311,False,False,Orthorhombic
176,C3N4/nan/nan,C3N4,100.0,,0.0,,0.0,1.181499999999999,3.0216,1.8401,0.088740559642856,0.088740559642857,,,1.9438842012271311,False,False,Orthorhombic
177,C3N4/nan/TiN,C3N4,97.0,,0.0,TiN,3.0,1.1460549999999992,3.0216,1.8401,0.08831279553766123,0.03003277705641228,,,2.0266484744401643,False,False,Orthorhombic
178,C3N4/nan/TiN,C3N4,97.0,,0.0,TiN,3.0,1.1460549999999992,3.0216,1.8401,0.08831279553766123,0.03003277705641228,,,2.0266484744401643,False,False,Orthorhombic
180,C3N4/nan/nan,C3N4,100.0,,0.0,,0.0,1.181499999999999,3.0216,1.8401,0.088740559642856,0.088740559642857,,,1.9438842012271311,False,False,Orthorhombic
181,C3N4/nan/TiN,C3N4,97.0,,0.0,TiN,3.0,1.1460549999999992,3.0216,1.8401,0.08831279553766123,0.03003277705641228,,,2.0266484744401643,False,False,Orthorhombic
182,C3N4/nan/TiN,C3N4,97.0,,0.0,TiN,3.0,1.1460549999999992,3.0216,1.8401,0.08831279553766123,0.03003277705641228,,,2.0266484744401643,False,False,Orthorhombic
183,C3N4/nan/TiN,C3N4,97.0,,0.0,TiN,3.0,1.1460549999999992,3.0216,1.8401,0.08831279553766123,0.03003277705641228,,,2.0266484744401643,False,False,Orthorhombic
184,C3N4/nan/TiN,C3N4,97.0,,0.0,TiN,3.0,1.1460549999999992,3.0216,1.8401,0.08831279553766123,0.03003277705641228,,,2.0266484744401643,False,False,Orthorhombic
185,C3N4/nan/TiN,C3N4,97.0,,0.0,TiN,3.0,1.1460549999999992,3.0216,1.8401,0.08831279553766123,0.03003277705641228,,,2.0266484744401643,False,False,Orthorhombic
186,C3N4/nan/TiN,C3N4,97.0,,0.0,TiN,3.0,1.1460549999999992,3.0216,1.8401,0.08831279553766123,0.03003277705641228,,,2.0266484744401643,False,False,Orthorhombic
187,C3N4/nan/TiN,C3N4,97.0,,0.0,TiN,3.0,1.1460549999999992,3.0216,1.8401,0.08831279553766123,0.03003277705641228,,,2.0266484744401643,False,False,Orthorhombic
188,TiN/nan/nan,TiN,100.0,,0.0,,0.0,0.0,,,0.074481756136364,-1.868185526571967,,,4.702693308328239,False,False,Trigonal
189,C3N4/nan/TiN,C3N4,98.0,,0.0,TiN,2.0,1.157869999999999,3.0216,1.8401,0.08845538357272616,0.049602037918560514,,,1.9990603833691534,False,False,Orthorhombic
190,C3N4/nan/TiN,C3N4,96.0,,0.0,TiN,4.0,1.134239999999999,3.0216,1.8401,0.08817020750259633,0.010463516194264041,,,2.0542365655111756,False,False,Orthorhombic
191,C3N4/nan/TiN,C3N4,92.0,,0.0,TiN,8.0,1.0869799999999992,3.0216,1.8401,0.08759985536233664,-0.0678135272543289,,,2.1645889297952197,False,False,Orthorhombic
192,C3N4/nan/TiN,C3N4,88.0,,0.0,TiN,12.0,1.0397199999999993,3.0216,1.8401,0.08702950322207696,-0.14609057070292186,,,2.274941294079264,False,False,Orthorhombic
193,TiO2/nan/nan,TiO2,100.0,,0.0,,0.0,2.2862,4.8517,2.5655,0.0030413275,-3.505014124444444,,,4.105159895594103,False,False,Orthorhombic
194,TiO2/nan/Au,TiO2,99.71,,6.2727600891321345e-15,Au,0.29,2.27957002,4.8517,2.5655,0.003038622314750006,-3.494843468819055,,,4.146992433114397,False,False,Orthorhombic
195,TiO2/nan/Au,TiO2,99.58,,1.7208456881689926e-15,Au,0.42,2.27659796,4.8517,2.5655,0.0030374096455000085,-3.4902842094007775,,,4.165744949933838,False,False,Orthorhombic
196,TiO2/nan/Au,TiO2,99.58,,1.7208456881689926e-15,Au,0.42,2.27659796,4.8517,2.5655,0.0030374096455000085,-3.4902842094007775,,,4.165744949933838,False,False,Orthorhombic
197,TiO2/nan/Au,TiO2,99.58,,1.7208456881689926e-15,Au,0.42,2.27659796,4.8517,2.5655,0.0030374096455000085,-3.4902842094007775,,,4.165744949933838,False,False,Orthorhombic
198,TiO2/nan/Au,TiO2,99.44,,2.220446049250313e-15,Au,0.56,2.2733972799999997,4.8517,2.5655,0.003036103694000011,-3.4853742377195553,,,4.185939968047084,False,False,Orthorhombic
199,TiO2/nan/Au,TiO2,99.04,,-6.217248937900877e-15,Au,0.96,2.26425248,4.8517,2.5655,0.00303237240400002,-3.4713457472017777,,,4.243640019799213,False,False,Orthorhombic
200,TiO2/nan/nan,TiO2,100.0,,0.0,,0.0,2.2862,4.8517,2.5655,0.0030413275,-3.505014124444444,,,4.105159895594103,False,False,Orthorhombic
201,TiO2/nan/nan,TiO2,100.0,,0.0,,0.0,2.2862,4.8517,2.5655,0.0030413275,-3.505014124444444,,,4.105159895594103,False,False,Orthorhombic
202,TiO2/nan/Ag,TiO2,97.0,,0.0,Ag,3.0,2.2176139999999998,4.8517,2.5655,0.00301388912499997,-3.3997998992611107,0.7855769799335981,4.218729824898447,4.292882097817666,False,False,Orthorhombic
203,TiO2/nan/Ag,TiO2,99.0,,0.0,Ag,1.0,2.263338,4.8517,2.5655,0.00303218137499999,-3.4699427160499994,0.7855769799335981,4.218729824898447,4.167733963001957,False,False,Orthorhombic
204,TiO2/nan/Ag,TiO2,95.0,,0.0,Ag,5.0,2.17189,4.8517,2.5655,0.00299559687499995,-3.329657082472222,0.7855769799335982,4.218729824898447,4.418030232633375,False,False,Orthorhombic
205,TiO2/nan/Au,TiO2,99.8,,2.831068712794149e-15,Au,0.2,2.2816276,4.8517,2.5655,0.0030394618550000038,-3.4979998791855555,,,4.1340099214701675,False,False,Orthorhombic
206,TiO2/nan/Au,TiO2,99.3,,2.886579864025407e-15,Au,0.7,2.2701966,4.8517,2.5655,0.003034797742500014,-3.480464266038333,,,4.206134986160329,False,False,Orthorhombic
207,ZnO/nan/nan,ZnO,100.0,,0.0,,0.0,0.630899999999999,1.4724,0.8415,0.00806893,-1.782830182499999,,,5.708336616549273,True,False,Cubic
208,CeO2/nan/nan,CeO2,100.0,,0.0,,0.0,1.8647,6.9038,5.0391,0.0,-3.9271761966666663,,,6.994759103664203,False,True,Cubic
209,ZnO/CeO2/Ag,ZnO,97.0,CeO2,2.0,Ag,1.0,0.649266999999999,1.5821252525252525,0.9263,0.00784812924999999,-1.8078675338083323,0.7855769799335981,4.218729824898447,5.780607366489874,True,False,Cubic
210,ZnO/CeO2/Ag,ZnO,96.0,CeO2,2.0,Ag,2.0,0.642957999999999,1.5832448979591836,0.9271653061224491,0.00778870709999998,-1.7900179648333323,0.7855769799335981,4.218729824898447,5.827149666688176,True,False,Cubic
211,ZnO/CeO2/Ag,ZnO,95.0,CeO2,2.0,Ag,3.0,0.6366489999999991,1.5843876288659795,0.9280484536082474,0.00772928494999997,-1.7721683958583323,0.7855769799335981,4.218729824898447,5.873691966886478,True,False,Cubic
212,ZnO/CeO2/Ag,ZnO,94.0,CeO2,2.0,Ag,4.0,0.6303399999999991,1.5855541666666668,0.92895,0.00766986279999996,-1.7543188268833323,0.7855769799335981,4.218729824898447,5.920234267084782,True,False,Cubic
214,Au/Ti0.82Si0.18O2/nan,Au,1.0,Ti0.82Si0.18O2,99.0,,0.0,0.0,,,0.0021085050000020002,0.0021085050000020002,,,18.530172833626356,False,False,Hexagonal
215,Au/Ti0.76Si0.24O2/nan,Au,1.0,Ti0.76Si0.24O2,99.0,,0.0,0.0,,,0.0021085050000020002,0.0021085050000020002,,,18.530172833626356,False,False,Hexagonal
216,Au/Ti0.72Si0.28O2/nan,Au,1.0,Ti0.72Si0.28O2,99.0,,0.0,0.0,,,0.0021085050000020002,0.0021085050000020002,,,18.530172833626356,False,False,Hexagonal
217,Au/TiO2/nan,Au,1.0,TiO2,99.0,,0.0,2.263338,4.8517,2.5655,0.00303199927500002,-3.4699428981499993,,,4.249410024974425,False,False,Hexagonal
218,Au/TiO2/nan,Au,1.0,TiO2,99.0,,0.0,2.263338,4.8517,2.5655,0.00303199927500002,-3.4699428981499993,,,4.249410024974425,False,False,Hexagonal
220,Au/Ti0.82Si0.18O2/nan,Au,0.5,Ti0.82Si0.18O2,99.5,,0.0,0.0,,,0.0021085050000020002,0.0021085050000020002,,,18.530172833626356,False,False,Hexagonal
221,Au/Ti0.76Si0.24O2/nan,Au,0.5,Ti0.76Si0.24O2,99.5,,0.0,0.0,,,0.0021085050000020002,0.0021085050000020002,,,18.530172833626356,False,False,Hexagonal
222,Au/Ti0.72Si0.28O2/nan,Au,0.5,Ti0.72Si0.28O2,99.5,,0.0,0.0,,,0.0021085050000020002,0.0021085050000020002,,,18.530172833626356,False,False,Hexagonal
223,Au/Ti0.72Si0.28O2/nan,Au,2.0,Ti0.72Si0.28O2,98.0,,0.0,0.0,,,0.0021085050000020002,0.0021085050000020002,,,18.530172833626356,False,False,Hexagonal
224,Cu/ZnO/nan,Cu,20.0,ZnO,80.0,,0.0,0.5047199999999993,1.4724,0.8415,0.0079984519999996,-1.4247208379999998,1.390374491664041,4.554791979046378,6.408789747771723,False,False,Hexagonal
225,Cu/ZnO/nan,Cu,20.0,ZnO,80.0,,0.0,0.5047199999999993,1.4724,0.8415,0.0079984519999996,-1.4247208379999998,1.390374491664041,4.554791979046378,6.408789747771723,False,False,Hexagonal
226,Cu/ZnO/nan,Cu,33.3,ZnO,66.7,,0.0,0.42081029999999936,1.4724,0.8415,0.007951584129999335,-1.1865781239075002,1.390374491664041,4.554791979046378,6.874591080034652,False,False,Hexagonal
227,Cu/ZnO/nan,Cu,33.3,ZnO,66.7,,0.0,0.42081029999999936,1.4724,0.8415,0.007951584129999335,-1.1865781239075002,1.390374491664041,4.554791979046378,6.874591080034652,False,False,Hexagonal
228,Cu/ZnO/nan,Cu,50.0,ZnO,50.0,,0.0,0.3154499999999995,1.4724,0.8415,0.007892734999999,-0.8875568212500005,1.390374491664041,4.554791979046378,7.459469444605398,False,False,Hexagonal
229,Cu/ZnO/nan,Cu,50.0,ZnO,50.0,,0.0,0.3154499999999995,1.4724,0.8415,0.007892734999999,-0.8875568212500005,1.390374491664041,4.554791979046378,7.459469444605398,False,False,Hexagonal
230,Cu/ZnO/nan,Cu,66.7,ZnO,33.3,,0.0,0.21008969999999966,1.4724,0.8414999999999999,0.007833885869998666,-0.588535518592501,1.390374491664041,4.554791979046378,8.044347809176145,False,False,Hexagonal
231,Cu/ZnO/nan,Cu,66.7,ZnO,33.3,,0.0,0.21008969999999966,1.4724,0.8414999999999999,0.007833885869998666,-0.588535518592501,1.390374491664041,4.554791979046378,8.044347809176145,False,False,Hexagonal
232,Cu/CeO2/nan,Cu,50.0,CeO2,50.0,,0.0,0.93235,6.9038,5.0391,0.0038582699999990004,-1.9597298283333342,1.390374491664041,4.554791979046378,8.102680688162863,False,False,Hexagonal
233,Cu/CeO2/nan,Cu,7.5,CeO2,92.5,,0.0,1.7248475,6.9038,5.0391,0.00057874049999985,-3.6320592414166666,1.390374491664041,4.554791979046378,7.160947341339002,False,False,Hexagonal
234,Cu/ZrO2/nan,Cu,7.5,ZrO2,92.5,,0.0,3.2745,6.1363,2.5963000000000007,0.009363746083332876,-3.518232677291666,1.390374491664041,4.554791979046378,6.0386087795407,False,False,Hexagonal
235,Cu/ZrO2/nan,Cu,7.5,ZrO2,92.5,,0.0,3.2745,6.1363,2.5963000000000007,0.009363746083332876,-3.518232677291666,1.390374491664041,4.554791979046378,6.0386087795407,False,False,Hexagonal
236,Cu/TiO2/nan,Cu,7.5,TiO2,92.5,,0.0,2.114735,4.8517,2.5655,0.00339196843749985,-3.241559324611111,1.390374491664041,4.554791979046378,4.48806807387416,False,False,Hexagonal
237,Cu/TiO2/nan,Cu,7.5,TiO2,92.5,,0.0,2.114735,4.8517,2.5655,0.00339196843749985,-3.241559324611111,1.390374491664041,4.554791979046378,4.48806807387416,False,False,Hexagonal
238,Cu/ZnO/nan,Cu,33.3,ZnO,66.7,,0.0,0.42081029999999936,1.4724,0.8415,0.007951584129999335,-1.1865781239075002,1.390374491664041,4.554791979046378,6.874591080034652,False,False,Hexagonal
239,Cu/ZnO/nan,Cu,33.3,ZnO,66.7,,0.0,0.42081029999999936,1.4724,0.8415,0.007951584129999335,-1.1865781239075002,1.390374491664041,4.554791979046378,6.874591080034652,False,False,Hexagonal
240,Cu/ZnO/nan,Cu,33.3,ZnO,66.7,,0.0,0.42081029999999936,1.4724,0.8415,0.007951584129999335,-1.1865781239075002,1.390374491664041,4.554791979046378,6.874591080034652,False,False,Hexagonal
241,TiO2/nan/nan,TiO2,100.0,,0.0,,0.0,2.2862,4.8517,2.5655,0.0030413275,-3.505014124444444,,,4.105159895594103,False,False,Orthorhombic
242,TiO2/nan/nan,TiO2,100.0,,0.0,,0.0,2.2862,4.8517,2.5655,0.0030413275,-3.505014124444444,,,4.105159895594103,False,False,Orthorhombic
243,TiO2/nan/nan,TiO2,100.0,,0.0,,0.0,2.2862,4.8517,2.5655,0.0030413275,-3.505014124444444,,,4.105159895594103,False,False,Orthorhombic
244,Cu/TiO2/nan,Cu,0.1,TiO2,99.9,,0.0,2.2839138,4.8517,2.5655,0.003046002712499998,-3.5015013937800004,1.390374491664041,4.554791979046378,4.110265337971171,False,False,Hexagonal
245,Cu/TiO2/nan,Cu,0.5,TiO2,99.5,,0.0,2.274769,4.8517,2.5655,0.00306470356249999,-3.487450471122222,1.390374491664041,4.554791979046378,4.1306871074794405,False,False,Hexagonal
246,Cu/TiO2/nan,Cu,0.5,TiO2,99.5,,0.0,2.274769,4.8517,2.5655,0.00306470356249999,-3.487450471122222,1.390374491664041,4.554791979046378,4.1306871074794405,False,False,Hexagonal
247,Cu/TiO2/nan,Cu,0.5,TiO2,99.5,,0.0,2.274769,4.8517,2.5655,0.00306470356249999,-3.487450471122222,1.390374491664041,4.554791979046378,4.1306871074794405,False,False,Hexagonal
248,Cu/TiO2/nan,Cu,1.0,TiO2,99.0,,0.0,2.263338,4.8517,2.5655,0.00308807962499998,-3.4698868177999995,1.390374491664041,4.554791979046378,4.156214319364778,False,False,Hexagonal
249,TiO2/nan/nan,TiO2,100.0,,0.0,,0.0,2.2862,4.8517,2.5655,0.0030413275,-3.505014124444444,,,4.105159895594103,False,False,Orthorhombic
250,CuO/TiO2/nan,CuO,5.0,TiO2,95.0,,0.0,2.17189,4.8517,2.5655,0.00290249387499995,-3.376889932597222,,,4.19682582151332,False,False,Monoclinic
251,TiO2/nan/nan,TiO2,100.0,,0.0,,0.0,2.2862,4.8517,2.5655,0.0030413275,-3.505014124444444,,,4.105159895594103,False,False,Orthorhombic
252,TiO2/Na0.33Al1.67Mg0.33Si4O13H4/nan,TiO2,90.0,Na0.33Al1.67Mg0.33Si4O13H4,10.0,,0.0,2.2862,4.8517,2.5655,0.0030413275,-3.505014124444444,,,4.105159895594103,False,False,Orthorhombic
253,TiO2/Na0.33Al1.67Mg0.33Si4O13H4/nan,TiO2,80.0,Na0.33Al1.67Mg0.33Si4O13H4,20.0,,0.0,2.2862,4.8517,2.5654999999999997,0.0030413275,-3.505014124444444,,,4.105159895594103,False,False,Orthorhombic
254,TiO2/Na0.33Al1.67Mg0.33Si4O13H4/nan,TiO2,70.0,Na0.33Al1.67Mg0.33Si4O13H4,30.0,,0.0,2.2862,4.8517,2.5655,0.0030413274999999997,-3.505014124444444,,,4.105159895594103,False,False,Orthorhombic
255,TiO2/Na0.33Al1.67Mg0.33Si4O13H4/nan,TiO2,80.0,Na0.33Al1.67Mg0.33Si4O13H4,20.0,,0.0,2.2862,4.8517,2.5654999999999997,0.0030413275,-3.505014124444444,,,4.105159895594103,False,False,Orthorhombic
256,TiO2/Na0.33Al1.67Mg0.33Si4O13H4/nan,TiO2,80.0,Na0.33Al1.67Mg0.33Si4O13H4,20.0,,0.0,2.2862,4.8517,2.5654999999999997,0.0030413275,-3.505014124444444,,,4.105159895594103,False,False,Orthorhombic
257,TiO2/Na0.33Al1.67Mg0.33Si4O13H4/nan,TiO2,80.0,Na0.33Al1.67Mg0.33Si4O13H4,20.0,,0.0,2.2862,4.8517,2.5654999999999997,0.0030413275,-3.505014124444444,,,4.105159895594103,False,False,Orthorhombic
258,TiO2/Na0.33Al1.67Mg0.33Si4O13H4/nan,TiO2,80.0,Na0.33Al1.67Mg0.33Si4O13H4,20.0,,0.0,2.2862,4.8517,2.5654999999999997,0.0030413275,-3.505014124444444,,,4.105159895594103,False,False,Orthorhombic
259,Cu/TiO2/nan,Cu,2.0,TiO2,98.0,,0.0,2.240476,4.8517,2.5655,0.0031348317499999604,-3.4347595111555553,1.390374491664041,4.554791979046378,4.207268743135451,False,False,Hexagonal
260,Cu/TiO2/nan,Cu,2.0,TiO2,98.0,,0.0,2.240476,4.8517,2.5655,0.0031348317499999604,-3.4347595111555553,1.390374491664041,4.554791979046378,4.207268743135451,False,False,Hexagonal
261,Cu/TiO2/nan,Cu,2.0,TiO2,98.0,,0.0,2.240476,4.8517,2.5655,0.0031348317499999604,-3.4347595111555553,1.390374491664041,4.554791979046378,4.207268743135451,False,False,Hexagonal
262,Cu/TiO2/nan,Cu,2.0,TiO2,98.0,,0.0,2.240476,4.8517,2.5655,0.0031348317499999604,-3.4347595111555553,1.390374491664041,4.554791979046378,4.207268743135451,False,False,Hexagonal
263,Cu/TiO2/nan,Cu,2.0,TiO2,98.0,,0.0,2.240476,4.8517,2.5655,0.0031348317499999604,-3.4347595111555553,1.390374491664041,4.554791979046378,4.207268743135451,False,False,Hexagonal
264,BaLa4Ti4O15/nan/nan,BaLa4Ti4O15,100.0,,0.0,,0.0,2.8881,7.8093,4.9212,0.030498972291665004,-3.71649078763889,,,5.98616984321809,False,False,Trigonal
265,NiO/BaLa4Ti4O15/nan,NiO,0.5,BaLa4Ti4O15,99.5,,0.0,2.885164,7.8102175,4.9250535,0.03034647743020668,-3.7039987602006956,,,5.990049766390094,False,True,Cubic
266,Ru/BaLa4Ti4O15/nan,Ru,0.5,BaLa4Ti4O15,99.5,,0.0,2.8736595,7.8093,4.9212,0.03034647743020668,-3.6979083337006955,2.882308768849008,4.75490603330835,6.018163757253819,False,True,Hexagonal
267,Cu/BaLa4Ti4O15/nan,Cu,0.5,BaLa4Ti4O15,99.5,,0.0,2.8736595,7.8093,4.9212,0.03038506013020667,-3.6978697510006957,1.390374491664041,4.554791979046378,6.002292005365307,False,False,Hexagonal
268,Au/BaLa4Ti4O15/nan,Au,0.5,BaLa4Ti4O15,99.5,,0.0,2.8736595,7.8093,4.9212,0.03035701995520669,-3.6978977911756954,,,6.048889858170131,False,False,Hexagonal
269,Ag/BaLa4Ti4O15/nan,Ag,1.0,BaLa4Ti4O15,99.0,,0.0,2.859219,7.8093,4.9212,0.030215249718748345,-3.679304612612501,0.7855769799335981,4.218729824898447,6.0299338111497045,False,False,Cubic
271,Ag/CaLa4Ti4O15/nan,Ag,1.0,CaLa4Ti4O15,99.0,,0.0,0.0,,,0.0021267149999990003,0.0021267149999990003,0.7855769799335981,4.218729824898447,10.362566636379526,False,False,Cubic
273,Ag/SrLa4Ti4O15/nan,Ag,1.0,SrLa4Ti4O15,99.0,,0.0,0.0,,,0.0021267149999990003,0.0021267149999990003,0.7855769799335981,4.218729824898447,10.362566636379526,False,False,Cubic
274,Ag/BaLa4Ti4O15/nan,Ag,1.0,BaLa4Ti4O15,99.0,,0.0,2.859219,7.8093,4.9212,0.030215249718748345,-3.679304612612501,0.7855769799335981,4.218729824898447,6.0299338111497045,False,False,Cubic
275,Ag/BaLa4Ti4O15/nan,Ag,1.0,BaLa4Ti4O15,99.0,,0.0,2.859219,7.8093,4.9212,0.030215249718748345,-3.679304612612501,0.7855769799335981,4.218729824898447,6.0299338111497045,False,False,Cubic
276,Ag/BaLa4Ti4O15/nan,Ag,0.5,BaLa4Ti4O15,99.5,,0.0,2.8736595,7.8093,4.9212,0.030357111005206674,-3.6978977001256954,0.7855769799335981,4.218729824898447,6.008051827183897,False,False,Cubic
277,Ag/BaLa4Ti4O15/nan,Ag,1.0,BaLa4Ti4O15,99.0,,0.0,2.859219,7.8093,4.9212,0.030215249718748345,-3.679304612612501,0.7855769799335981,4.218729824898447,6.0299338111497045,False,False,Cubic
278,Ag/BaLa4Ti4O15/nan,Ag,2.0,BaLa4Ti4O15,98.0,,0.0,2.8303380000000002,7.8093,4.9212,0.029931527145831683,-3.642118437586112,0.7855769799335981,4.218729824898447,6.073697779081319,False,False,Cubic
279,Ag/BaLa4Ti4O15/nan,Ag,3.0,BaLa4Ti4O15,97.0,,0.0,2.801457,7.8093,4.9212,0.029647804572915024,-3.604932262559723,0.7855769799335981,4.218729824898447,6.117461747012934,False,False,Cubic
280,Ag/BaLa4Ti4O15/nan,Ag,5.0,BaLa4Ti4O15,95.0,,0.0,2.7436949999999998,7.8093,4.9212,0.029080359427081703,-3.5305599125069453,0.7855769799335982,4.218729824898447,6.204989682876162,False,False,Cubic
281,Ag/SrLa4Ti4O15/nan,Ag,1.0,SrLa4Ti4O15,99.0,,0.0,0.0,,,0.0021267149999990003,0.0021267149999990003,0.7855769799335981,4.218729824898447,10.362566636379526,False,False,Cubic
282,Ag/CaLa4Ti4O15/nan,Ag,1.0,CaLa4Ti4O15,99.0,,0.0,0.0,,,0.0021267149999990003,0.0021267149999990003,0.7855769799335981,4.218729824898447,10.362566636379526,False,False,Cubic
283,TiO2/nan/nan,TiO2,100.0,,0.0,,0.0,2.2862,4.8517,2.5655,0.0030413275,-3.505014124444444,,,4.105159895594103,False,False,Orthorhombic
284,TiO2/nan/nan,TiO2,100.0,,0.0,,0.0,2.2862,4.8517,2.5655,0.0030413275,-3.505014124444444,,,4.105159895594103,False,False,Orthorhombic
285,TiO2/nan/nan,TiO2,100.0,,0.0,,0.0,2.2862,4.8517,2.5655,0.0030413275,-3.505014124444444,,,4.105159895594103,False,False,Orthorhombic
286,TiO2/nan/nan,TiO2,100.0,,0.0,,0.0,2.2862,4.8517,2.5655,0.0030413275,-3.505014124444444,,,4.105159895594103,False,False,Orthorhombic
287,TiO2/Na56Al56Si136O384/nan,TiO2,1.1,Na56Al56Si136O384,98.9,,0.0,2.2862,4.8517,2.5655,0.0030413275000000005,-3.5050141244444446,,,4.105159895594103,False,False,Orthorhombic
288,TiO2/Na56Al56Si136O384/Pt,TiO2,1.1,Na56Al56Si136O384,97.9,Pt,1.0,1.1975333333333333,4.8517,2.5655,0.03449484535714333,-1.80305801042328,,,11.904581074881746,False,False,Orthorhombic
289,TiO2/Na56Al56Si136O384/nan,TiO2,1.0,Na56Al56Si136O384,99.0,,0.0,2.2862,4.8517,2.5655,0.0030413275,-3.505014124444444,,,4.105159895594103,False,False,Orthorhombic
290,TiO2/Na56Al56Si136O384/nan,TiO2,10.0,Na56Al56Si136O384,90.0,,0.0,2.2862,4.8517,2.5654999999999997,0.0030413275,-3.505014124444444,,,4.105159895594103,False,False,Orthorhombic
291,TiO2/nan/nan,TiO2,100.0,,0.0,,0.0,2.2862,4.8517,2.5655,0.0030413275,-3.505014124444444,,,4.105159895594103,False,False,Orthorhombic
292,TiO2/nan/nan,TiO2,100.0,,0.0,,0.0,2.2862,4.8517,2.5655,0.0030413275,-3.505014124444444,,,4.105159895594103,False,False,Orthorhombic
293,TiO2/nan/nan,TiO2,100.0,,0.0,,0.0,2.2862,4.8517,2.5655,0.0030413275,-3.505014124444444,,,4.105159895594103,False,False,Orthorhombic
294,TiO2/nan/nan,TiO2,100.0,,0.0,,0.0,2.2862,4.8517,2.5655,0.0030413275,-3.505014124444444,,,4.105159895594103,False,False,Orthorhombic
295,ZrO2/nan/nan,ZrO2,100.0,,0.0,,0.0,3.54,6.1363,2.5963000000000003,0.009497303333333,-3.804120451666666,,,5.781420117936309,True,False,Orthorhombic
296,ZrO2/nan/nan,ZrO2,100.0,,0.0,,0.0,3.54,6.1363,2.5963000000000003,0.009497303333333,-3.804120451666666,,,5.781420117936309,True,False,Orthorhombic
297,ZrO2/nan/nan,ZrO2,100.0,,0.0,,0.0,3.54,6.1363,2.5963000000000003,0.009497303333333,-3.804120451666666,,,5.781420117936309,True,False,Orthorhombic
298,MgO/nan/nan,MgO,100.0,,0.0,,0.0,0.0014000000000000002,8.0151,8.0137,0.043237585416665,-2.995071584583334,,,3.596933125469349,True,False,Hexagonal
299,MgO/nan/nan,MgO,100.0,,0.0,,0.0,0.0014000000000000002,8.0151,8.0137,0.043237585416665,-2.995071584583334,,,3.596933125469349,True,False,Hexagonal
301,K2Ti6O13/nan/Pt,K2Ti6O13,100.0,,0.0,Pt,,,3.981,1.2275,,,,,,False,True,Monoclinic
302,K2Ti6O13/nan/Pt,K2Ti6O13,100.0,,0.0,Pt,,,3.981,1.2275,,,,,,False,True,Monoclinic
303,K2Ti6O13/AlSiO/Pt,K2Ti6O13,50.0,AlSiO,50.0,Pt,,,3.981,1.2275,,,,,,False,True,Monoclinic
304,K2Ti6O13/AlSiO/Pt,K2Ti6O13,50.0,AlSiO,50.0,Pt,,,3.981,1.2275,,,,,,False,True,Monoclinic
305,K2Ti6O13/AlSiO/Pt,K2Ti6O13,50.0,AlSiO,50.0,Pt,,,3.981,1.2275,,,,,,False,True,Monoclinic
306,K2Ti6O13/AlSiO/Pt,K2Ti6O13,50.0,AlSiO,50.0,Pt,,,3.981,1.2275,,,,,,False,True,Monoclinic
307,K2Ti6O13/AlSiO/Pt,K2Ti6O13,50.0,AlSiO,50.0,Pt,,,3.981,1.2275,,,,,,False,True,Monoclinic
308,K2Ti6O13/nan/Pt,K2Ti6O13,100.0,,0.0,Pt,,,3.981,1.2275,,,,,,False,True,Monoclinic
309,K2Ti6O13/AlSiO/Pt,K2Ti6O13,75.0,AlSiO,25.0,Pt,,,3.981,1.2275,,,,,,False,True,Monoclinic
310,K2Ti6O13/AlSiO/Pt,K2Ti6O13,66.7,AlSiO,33.3,Pt,,,3.9810000000000003,1.2275,,,,,,False,True,Monoclinic
311,K2Ti6O13/AlSiO/Pt,K2Ti6O13,50.0,AlSiO,50.0,Pt,,,3.981,1.2275,,,,,,False,True,Monoclinic
312,K2Ti6O13/AlSiO/Pt,K2Ti6O13,50.0,AlSiO,50.0,Pt,,,3.981,1.2275,,,,,,False,True,Monoclinic
313,K2Ti6O13/AlSiO/Pt,K2Ti6O13,33.3,AlSiO,66.7,Pt,,,3.981,1.2275,,,,,,False,True,Monoclinic
315,C/nan/nan,C,100.0,,0.0,,0.0,0.094599999999999,4.1182,4.0236,0.0007906250000000001,0.0007906250000000001,,,2.179050113817426,True,False,Trigonal
316,TiO2/nan/nan,TiO2,100.0,,0.0,,0.0,2.2862,4.8517,2.5655,0.0030413275,-3.505014124444444,,,4.105159895594103,False,False,Orthorhombic
317,TiO2/C/nan,TiO2,99.0,C,1.0,,0.0,2.264284,4.844365,2.5800810000000003,0.003018820475,-3.4699560769499995,,,4.085898797776336,False,False,Orthorhombic
318,TiO2/C/nan,TiO2,90.0,C,10.0,,0.0,2.06704,4.77835,2.71131,0.0028162572500000003,-3.1544336495,,,3.912548917416436,False,False,Orthorhombic
319,TiO2/C/nan,TiO2,99.0,C,1.0,,0.0,2.264284,4.844365,2.5800810000000003,0.003018820475,-3.4699560769499995,,,4.085898797776336,False,False,Orthorhombic
320,TiO2/nan/nan,TiO2,100.0,,0.0,,0.0,2.2862,4.8517,2.5655,0.0030413275,-3.505014124444444,,,4.105159895594103,False,False,Orthorhombic
321,C/nan/nan,C,100.0,,0.0,,0.0,0.094599999999999,4.1182,4.0236,0.0007906250000000001,0.0007906250000000001,,,2.179050113817426,True,False,Trigonal
322,TiO2/C/nan,TiO2,99.0,C,1.0,,0.0,2.264284,4.844365,2.5800810000000003,0.003018820475,-3.4699560769499995,,,4.085898797776336,False,False,Orthorhombic
323,TiO2/C/nan,TiO2,90.0,C,10.0,,0.0,2.06704,4.77835,2.71131,0.0028162572500000003,-3.1544336495,,,3.912548917416436,False,False,Orthorhombic
324,CdS/nan/nan,CdS,100.0,,0.0,,0.0,1.0492,1.9171,0.8679,0.0027132225,-0.7738951664062481,,,4.70613765491418,True,False,Cubic
325,CdS/nan/nan,CdS,100.0,,0.0,,0.0,1.0492,1.9171,0.8679,0.0027132225,-0.7738951664062481,,,4.70613765491418,True,False,Cubic
326,Bi2S3/nan/nan,Bi2S3,100.0,,0.0,,0.0,1.361799999999999,5.4726,4.1108,0.0,-0.414615469187504,,,6.602026285137526,False,True,Orthorhombic
327,Bi2S3/nan/nan,Bi2S3,100.0,,0.0,,0.0,1.361799999999999,5.4726,4.1108,0.0,-0.414615469187504,,,6.602026285137526,False,True,Orthorhombic
328,ZnS/nan/nan,ZnS,100.0,,0.0,,0.0,2.018799999999999,3.8964,1.8776000000000002,1.536946428615238e-05,-0.9626829801562491,,,4.136732567085231,True,False,Trigonal
329,ZnS/nan/Cd,ZnS,100.0,,0.0,Cd,,,3.8964,1.8776000000000002,,,,,,True,False,Trigonal
331,TiO2/nan/Cu,TiO2,99.5,,0.0,Cu,0.5,2.274769,4.8517,2.5655,0.00306470356249999,-3.487450471122222,1.390374491664041,4.554791979046378,4.1306871074794405,False,False,Orthorhombic
332,TiO2/nan/Cu,TiO2,99.0,,0.0,Cu,1.0,2.263338,4.8517,2.5655,0.00308807962499998,-3.4698868177999995,1.390374491664041,4.554791979046378,4.156214319364778,False,False,Orthorhombic
333,TiO2/nan/Cu,TiO2,95.0,,0.0,Cu,5.0,2.17189,4.8517,2.5655,0.0032750881249999,-3.329377591222222,1.390374491664041,4.554791979046378,4.360432014447474,False,False,Orthorhombic
334,TiO2/nan/Cu,TiO2,90.0,,0.0,Cu,10.0,2.05758,4.8517,2.5655,0.0035088487499998003,-3.153741058,1.390374491664041,4.554791979046378,4.615704133300845,False,False,Orthorhombic
335,TiO2/nan/nan,TiO2,100.0,,0.0,,0.0,2.2862,4.8517,2.5655,0.0030413275,-3.505014124444444,,,4.105159895594103,False,False,Orthorhombic
336,TiO2/SiO2/nan,TiO2,12.0,SiO2,88.0,,0.0,5.263504,6.100684,0.83718,0.0009155792111116,-3.300142657644445,,,2.8090058477693427,False,False,Orthorhombic
337,TiO2/nan/Cu2O,TiO2,100.0,,-4.0,Cu2O,4.0,2.2179884615384613,4.843353846153846,2.625365384615385,0.0029243533653846156,-3.3949945595940165,,,4.185920944535448,False,False,Orthorhombic
338,TiO2/SiO2/nan,TiO2,12.0,SiO2,88.0,,0.0,5.263504,6.100684,0.83718,0.0009155792111116,-3.300142657644445,,,2.8090058477693427,False,False,Orthorhombic
339,TiO2/SiO2/Cu2O,TiO2,12.0,SiO2,87.8,Cu2O,0.2,5.2531904,6.0974113999999995,0.8442210000000001,0.0009143278022227101,-3.2948872572422228,,,2.81615122696844,False,False,Orthorhombic
340,TiO2/SiO2/Cu2O,TiO2,12.0,SiO2,87.5,Cu2O,0.5,5.23772,6.0925025,0.8547825000000001,0.000912450688889375,-3.2870041566388895,,,2.826869295767086,False,False,Orthorhombic
341,TiO2/SiO2/Cu2O,TiO2,12.0,SiO2,87.0,Cu2O,1.0,5.211936000000001,6.084321,0.8723850000000001,0.00090932216666715,-3.2738656556333336,,,2.8447327437648284,False,False,Orthorhombic
342,TiO2/SiO2/Cu2O,TiO2,12.0,SiO2,85.0,Cu2O,3.0,5.1088,6.051595,0.942795,0.00089680807777825,-3.2213116516111113,,,2.9161865357558,False,False,Orthorhombic
343,TiO2/nan/nan,TiO2,100.0,,0.0,,0.0,2.2862,4.8517,2.5655,0.0030413275,-3.505014124444444,,,4.105159895594103,False,False,Orthorhombic
344,TiO2/nan/Ag,TiO2,99.0,,0.0,Ag,1.0,2.263338,4.8517,2.5655,0.00303218137499999,-3.4699427160499994,0.7855769799335981,4.218729824898447,4.167733963001957,False,False,Orthorhombic
345,TiO2/nan/Ag,TiO2,97.0,,0.0,Ag,3.0,2.2176139999999998,4.8517,2.5655,0.00301388912499997,-3.3997998992611107,0.7855769799335981,4.218729824898447,4.292882097817666,False,False,Orthorhombic
346,TiO2/nan/Ag,TiO2,95.0,,0.0,Ag,5.0,2.17189,4.8517,2.5655,0.00299559687499995,-3.329657082472222,0.7855769799335982,4.218729824898447,4.418030232633375,False,False,Orthorhombic
347,TiO2/nan/Ag,TiO2,93.0,,0.0,Ag,7.0,2.126166,4.8517,2.5655,0.0029773046249999303,-3.2595142656833334,0.7855769799335981,4.218729824898447,4.543178367449084,False,False,Orthorhombic
348,TiO2/nan/nan,TiO2,100.0,,0.0,,0.0,2.2862,4.8517,2.5655,0.0030413275,-3.505014124444444,,,4.105159895594103,False,False,Orthorhombic
349,TiO2/nan/nan,TiO2,100.0,,0.0,,0.0,2.2862,4.8517,2.5655,0.0030413275,-3.505014124444444,,,4.105159895594103,False,False,Orthorhombic
350,TiO2/nan/nan,TiO2,100.0,,0.0,,0.0,2.2862,4.8517,2.5655,0.0030413275,-3.505014124444444,,,4.105159895594103,False,False,Orthorhombic
351,TiO2/nan/nan,TiO2,100.0,,0.0,,0.0,2.2862,4.8517,2.5655,0.0030413275,-3.505014124444444,,,4.105159895594103,False,False,Orthorhombic
352,TiO2/nan/nan,TiO2,100.0,,0.0,,0.0,2.2862,4.8517,2.5655,0.0030413275,-3.505014124444444,,,4.105159895594103,False,False,Orthorhombic
353,TiO2/nan/nan,TiO2,100.0,,0.0,,0.0,2.2862,4.8517,2.5655,0.0030413275,-3.505014124444444,,,4.105159895594103,False,False,Orthorhombic
354,Ga2O3/nan/nan,Ga2O3,100.0,,0.0,,0.0,2.4025,4.9844,2.5819,0.011431887000000002,-2.257564781999998,,,6.419638605152237,False,False,Trigonal
355,Ga2O3/nan/nan,Ga2O3,100.0,,0.0,,0.0,2.4025,4.9844,2.5819,0.011431887000000002,-2.257564781999998,,,6.419638605152237,False,False,Trigonal
356,Ga2O3/nan/nan,Ga2O3,100.0,,0.0,,0.0,2.4025,4.9844,2.5819,0.011431887000000002,-2.257564781999998,,,6.419638605152237,False,False,Trigonal
357,Ga2O3/nan/nan,Ga2O3,100.0,,0.0,,0.0,2.4025,4.9844,2.5819,0.011431887000000002,-2.257564781999998,,,6.419638605152237,False,False,Trigonal
358,Ga2O3/nan/nan,Ga2O3,100.0,,0.0,,0.0,2.4025,4.9844,2.5819,0.011431887000000002,-2.257564781999998,,,6.419638605152237,False,False,Trigonal
359,Ga2O3/nan/nan,Ga2O3,100.0,,0.0,,0.0,2.4025,4.9844,2.5819,0.011431887000000002,-2.257564781999998,,,6.419638605152237,False,False,Trigonal
360,TiO2/nan/nan,TiO2,100.0,,0.0,,0.0,2.2862,4.8517,2.5655,0.0030413275,-3.505014124444444,,,4.105159895594103,False,False,Orthorhombic
361,Cu2O/TiO2/nan,Cu2O,1.0,TiO2,99.0,,0.0,2.268465,4.84953,2.581065,0.003010914225,-3.4764090375833328,,,4.126157768318853,True,True,Cubic
362,Fe2O3/TiO2/nan,Fe2O3,1.0,TiO2,99.0,,0.0,2.27724,4.847027,2.5697870000000003,0.0037239031825,-3.4863219077724996,,,4.112726391824268,True,False,Cubic
363,Cu2O/TiO2/Fe2O3,Cu2O,1.0,TiO2,98.0,Fe2O3,1.0,2.2595050000000003,4.844857,2.5853520000000003,0.0036934899075000004,-3.4577168209113887,,,4.133724264549017,True,True,Cubic
364,Cu2O/TiO2/Fe2O3,Cu2O,0.5,TiO2,99.0,Fe2O3,0.5,2.2728525,4.8482785,2.575426,0.00336740870375,-3.481365472677916,,,4.11944208007156,True,True,Cubic
365,Cu2O/TiO2/Fe2O3,Cu2O,0.25,TiO2,99.5,Fe2O3,0.25,2.27952625,4.84998925,2.5704629999999997,0.003204368101875,-3.4931897985611804,,,4.112300987832832,True,True,Cubic
366,TiO2/nan/nan,TiO2,100.0,,0.0,,0.0,2.2862,4.8517,2.5655,0.0030413275,-3.505014124444444,,,4.105159895594103,False,False,Orthorhombic
367,Cu2O/TiO2/nan,Cu2O,1.0,TiO2,99.0,,0.0,2.268465,4.84953,2.581065,0.003010914225,-3.4764090375833328,,,4.126157768318853,True,True,Cubic
368,Fe2O3/TiO2/nan,Fe2O3,1.0,TiO2,99.0,,0.0,2.27724,4.847027,2.5697870000000003,0.0037239031825,-3.4863219077724996,,,4.112726391824268,True,False,Cubic
369,Cu2O/TiO2/Fe2O3,Cu2O,1.0,TiO2,98.0,Fe2O3,1.0,2.2595050000000003,4.844857,2.5853520000000003,0.0036934899075000004,-3.4577168209113887,,,4.133724264549017,True,True,Cubic
370,Cu2O/TiO2/Fe2O3,Cu2O,0.5,TiO2,99.0,Fe2O3,0.5,2.2728525,4.8482785,2.575426,0.00336740870375,-3.481365472677916,,,4.11944208007156,True,True,Cubic
371,Cu2O/TiO2/Fe2O3,Cu2O,0.25,TiO2,99.5,Fe2O3,0.25,2.27952625,4.84998925,2.5704629999999997,0.003204368101875,-3.4931897985611804,,,4.112300987832832,True,True,Cubic
372,TiO2/nan/nan,TiO2,100.0,,0.0,,0.0,2.2862,4.8517,2.5655,0.0030413275,-3.505014124444444,,,4.105159895594103,False,False,Orthorhombic
373,TiO2/nan/nan,TiO2,100.0,,0.0,,0.0,2.2862,4.8517,2.5655,0.0030413275,-3.505014124444444,,,4.105159895594103,False,False,Orthorhombic
374,TiO2/CdSSiO2/Cu,TiO2,15.0,CdSSiO2,84.5,Cu,0.5,2.212451612903226,4.8517,2.5655,0.0031921408064515483,-3.3917002320430103,1.390374491664041,4.554791979046378,4.269851585176923,False,False,Orthorhombic
375,TiO2/CdSSiO2/Cu,TiO2,15.0,CdSSiO2,84.5,Cu,0.5,2.212451612903226,4.8517,2.5655,0.0031921408064515483,-3.3917002320430103,1.390374491664041,4.554791979046378,4.269851585176923,False,False,Orthorhombic
376,TiO2/CdSSiO2/Cu,TiO2,15.0,CdSSiO2,84.5,Cu,0.5,2.212451612903226,4.8517,2.5655,0.0031921408064515483,-3.3917002320430103,1.390374491664041,4.554791979046378,4.269851585176923,False,False,Orthorhombic
377,TiO2/CdSSiO2/Cu,TiO2,15.0,CdSSiO2,84.5,Cu,0.5,2.212451612903226,4.8517,2.5655,0.0031921408064515483,-3.3917002320430103,1.390374491664041,4.554791979046378,4.269851585176923,False,False,Orthorhombic
383,TiO2/nan/nan,TiO2,100.0,,0.0,,0.0,2.2862,4.8517,2.5655,0.0030413275,-3.505014124444444,,,4.105159895594103,False,False,Orthorhombic
384,TiO2/nan/nan,TiO2,100.0,,0.0,,0.0,2.2862,4.8517,2.5655,0.0030413275,-3.505014124444444,,,4.105159895594103,False,False,Orthorhombic
385,TiO2/nan/CdS,TiO2,83.9,,-7.105427357601002e-15,CdS,16.1,2.0870430000000004,4.379229400000001,2.2921864000000003,0.0029885025950000003,-3.065303972200295,,,4.201917314844636,False,False,Orthorhombic
386,TiO2/nan/Bi2S3,TiO2,85.8,,3.552713678800501e-15,Bi2S3,14.2,2.1549351999999997,4.9398678,2.7849326,0.002609458995,-3.0661775153979587,,,4.459714922909269,False,False,Orthorhombic
387,CdS/nan/nan,CdS,100.0,,0.0,,0.0,1.0492,1.9171,0.8679,0.0027132225,-0.7738951664062481,,,4.70613765491418,True,False,Cubic
388,Bi2S3/nan/nan,Bi2S3,100.0,,0.0,,0.0,1.361799999999999,5.4726,4.1108,0.0,-0.414615469187504,,,6.602026285137526,False,True,Orthorhombic
389,TiO2/nan/Pt,TiO2,100.0,,0.0,Pt,,,4.8517,2.5655,,,,,,False,False,Orthorhombic
390,TiO2/nan/Pt,TiO2,100.0,,-0.21,Pt,0.21,2.281409041013871,4.8517,2.5655,0.0031797468331503866,-3.497524226766734,,,4.139483263921274,False,False,Orthorhombic
391,TiO2/nan/Pt,TiO2,100.0,,0.0,Pt,,,4.8517,2.5655,,,,,,False,False,Orthorhombic
392,TiO2/nan/Pt,TiO2,100.0,,0.0,Pt,,,4.8517,2.5655,,,,,,False,False,Orthorhombic
393,TiO2/nan/Pt,TiO2,100.0,,-1.34,Pt,1.34,2.2559700019735542,4.8517,2.5655,0.003914725953226774,-3.4577543602362777,,,4.3217335209988335,False,False,Orthorhombic
394,TiO2/nan/Pt,TiO2,100.0,,0.0,Pt,,,4.8517,2.5655,,,,,,False,False,Orthorhombic
395,TiO2/nan/Pt,TiO2,100.0,,-2.49,Pt,2.49,2.230656649429213,4.8517,2.5655,0.004646073766708972,-3.4181809844286706,,,4.5030833354076965,False,False,Orthorhombic
396,TiO2/nan/nan,TiO2,100.0,,0.0,,0.0,2.2862,4.8517,2.5655,0.0030413275,-3.505014124444444,,,4.105159895594103,False,False,Orthorhombic
397,TiO2/nan/C32H16N8Zn,TiO2,99.4,,-5.662137425588298e-15,C32H16N8Zn,0.6,2.2862,4.8517,2.5655,0.0030413275,-3.505014124444444,,,4.105159895594103,False,False,Orthorhombic
398,TiO2/nan/C32H16N8Zn,TiO2,98.7,,-2.886579864025407e-15,C32H16N8Zn,1.3,2.2862,4.8517,2.5655,0.0030413275,-3.505014124444444,,,4.105159895594103,False,False,Orthorhombic
399,TiO2/nan/C32H16N8Zn,TiO2,98.0,,0.0,C32H16N8Zn,2.0,2.2862,4.8517,2.5655,0.0030413275,-3.505014124444444,,,4.105159895594103,False,False,Orthorhombic
400,TiO2/nan/nan,TiO2,100.0,,0.0,,0.0,2.2862,4.8517,2.5655,0.0030413275,-3.505014124444444,,,4.105159895594103,False,False,Orthorhombic
401,TiO2/nan/C32H16N8Co,TiO2,99.0,,0.0,C32H16N8Co,1.0,2.2862,4.8517,2.5655,0.0030413275,-3.505014124444444,,,4.105159895594103,False,False,Orthorhombic
402,TiO2/nan/C32H16N8Co,TiO2,99.3,,2.886579864025407e-15,C32H16N8Co,0.7,2.2862,4.8517,2.5655,0.0030413275,-3.505014124444444,,,4.105159895594103,False,False,Orthorhombic
403,TiO2/nan/I,TiO2,95.0,,0.0,I,5.0,2.17189,4.8517,2.5655,0.0054215743749999505,-3.327231104972222,,,4.135059684241312,False,False,Orthorhombic
404,TiO2/nan/I,TiO2,95.0,,0.0,I,5.0,2.17189,4.8517,2.5655,0.0054215743749999505,-3.327231104972222,,,4.135059684241312,False,False,Orthorhombic
405,TiO2/nan/I,TiO2,95.0,,0.0,I,5.0,2.17189,4.8517,2.5655,0.0054215743749999505,-3.327231104972222,,,4.135059684241312,False,False,Orthorhombic
406,TiO2/nan/I,TiO2,90.0,,0.0,I,10.0,2.05758,4.8517,2.5655,0.0078018212499999014,-3.1494480855,,,4.16495947288852,False,False,Orthorhombic
407,TiO2/nan/I,TiO2,85.0,,5.0,I,10.0,2.045547368421053,4.8517,2.5655,0.008052373552631475,-3.130734083450293,,,4.168106819061911,False,False,Orthorhombic
408,InTaO4/nan/nan,InTaO4,100.0,,0.0,,0.0,3.5727,6.7266,3.1539,0.0,-2.809075625666668,,,8.194696842475858,False,True,Monoclinic
409,InTaO4/nan/N,InTaO4,99.58,,1.7208456881689926e-15,N,0.42,3.58690692,6.70236222,3.1154553000000003,7.047271875e-06,-2.7972704607669927,,,8.164494315436444,False,True,Monoclinic
410,InTaO4/NiNiO/nan,InTaO4,96.8,NiNiO,3.200000000000003,,0.0,3.5727,6.7266,3.1539,0.0,-2.809075625666668,,,8.194696842475858,False,True,Monoclinic
411,Nb2O5/nan/Pt,Nb2O5,99.6,,5.662137425588298e-15,Pt,0.4,1.756944,1.9394,0.1754,0.0006474240393880641,-3.0214210295557145,,,4.324877413448351,False,False,Triclinic
412,HNb3O8/nan/Pt,HNb3O8,99.6,,5.662137425588298e-15,Pt,0.4,0.0,,,0.069093715000001,0.069093715000001,,,20.483944372098154,,,
413,HNb3O8/SiO2/Pt,HNb3O8,99.6,SiO2,5.662137425588298e-15,Pt,0.4,8.025372033593101e-14,6.271,0.6015,0.06909371500000004,0.0690937149999537,,,20.483944372097906,,,
422,Ga2O3/nan/nan,Ga2O3,100.0,,0.0,,0.0,2.4025,4.9844,2.5819,0.011431887000000002,-2.257564781999998,,,6.419638605152237,False,False,Trigonal
423,InNbO4/nan/nan,InNbO4,100.0,,0.0,,0.0,3.0277,6.0667,3.039,0.0,-2.623428141944451,,,6.119882493342202,False,True,Monoclinic
424,InNbO4/nan/NiO,InNbO4,99.5,,0.0,NiO,0.5,3.024066,6.0763305,3.0522645,0.0,-2.6164014277347287,,,6.123093853263585,False,True,Monoclinic
425,InNbO4/nan/NiO,InNbO4,99.0,,0.0,NiO,1.0,3.020432,6.085960999999999,3.065529,0.0,-2.609374713525006,,,6.126305213184969,False,True,Monoclinic
426,InNbO4/nan/Co3O4,InNbO4,99.0,,0.0,Co3O4,1.0,2.997423,6.0667,3.039,0.00010479931428569001,-2.6099924434535775,,,6.120098276232964,False,True,Monoclinic
427,ZnGaNO/nan/Pt,ZnGaNO,96.5,,3.0,Pt,0.5,0.31258041237113404,2.9882,2.674,0.05810627474226805,-1.158999761987758,,,5.698699860940098,False,False,Orthorhombic
428,ZnGaNO/ZnAl2O4/Pt,ZnGaNO,96.0,ZnAl2O4,3.5,Pt,0.5,0.436242,3.1582261306532664,2.719791959798995,0.05607283977500001,-1.224140496425,,,5.661534506425859,False,False,Orthorhombic
429,TiO2/nan/Pt,TiO2,99.5,,0.0,Pt,0.5,2.274769,4.8517,2.5655,0.003371589437500005,-3.487143585247222,,,4.187053817976624,False,False,Orthorhombic
430,CdS/nan/nan,CdS,100.0,,0.0,,0.0,1.0492,1.9171,0.8679,0.0027132225,-0.7738951664062481,,,4.70613765491418,True,False,Cubic
431,Bi2S3/nan/nan,Bi2S3,100.0,,0.0,,0.0,1.361799999999999,5.4726,4.1108,0.0,-0.414615469187504,,,6.602026285137526,False,True,Orthorhombic
432,Bi2S3/CdS/nan,Bi2S3,15.0,CdS,85.0,,0.0,1.0960899999999998,2.450425,1.354335,0.0023062391250000002,-0.7200032118234365,,,4.990520949447681,False,True,Orthorhombic
433,Bi2S3/CdS/nan,Bi2S3,30.0,CdS,70.0,,0.0,1.1429799999999997,2.9837499999999997,1.84077,0.00189925575,-0.6661112572406248,,,5.274904243981184,False,True,Orthorhombic
434,Bi2S3/CdS/nan,Bi2S3,45.0,CdS,55.0,,0.0,1.1898699999999995,3.517075,2.327205,0.0014922723750000002,-0.6122193026578133,,,5.5592875385146865,False,True,Orthorhombic
435,SiC/nan/nan,SiC,100.0,,0.0,,0.0,2.022999999999999,10.0221,7.9991,7.649035088874712e-06,-0.305938795833333,,,3.227773317409295,False,False,Hexagonal
436,Cu2O/nan/nan,Cu2O,100.0,,0.0,,0.0,0.512699999999999,4.6347000000000005,4.122,0.0,-0.6445054383333331,,,6.20494716806907,True,True,Cubic
437,Cu2O/SiC/nan,Cu2O,3.13,SiC,96.87,,0.0,1.9757276099999987,9.85347438,7.877746770000001,7.409620290592933e-06,-0.31653593174358297,,,3.3209588589349455,True,True,Cubic
453,Ag0.09In0.23Zn1.61S2/nan/RuO2,Ag0.09In0.23Zn1.61S2,99.0,,0.0,RuO2,1.0,0.0,,,0.06483860250000001,-1.392823295833332,,,7.78471911265118,,,
454,Cu0.23Ag0.21In0.19Zn1.50S2/nan/RuO2,Cu0.23Ag0.21In0.19Zn1.50S2,99.0,,0.0,RuO2,1.0,0.0,,,0.06483860250000001,-1.392823295833332,,,7.78471911265118,,,
455,Cu0.30Ag0.07In0.34Zn1.31S2/nan/RuO2,Cu0.30Ag0.07In0.34Zn1.31S2,99.0,,0.0,RuO2,1.0,0.0,,,0.06483860250000001,-1.392823295833332,,,7.78471911265118,,,
456,Cu0.12Ag0.30In0.38Zn1.22S2/nan/RuO2,Cu0.12Ag0.30In0.38Zn1.22S2,99.0,,0.0,RuO2,1.0,0.0,,,0.06483860250000001,-1.392823295833332,,,7.78471911265118,,,
457,Cu0.45Ag0.13In0.24Zn1.35S2/nan/RuO2,Cu0.45Ag0.13In0.24Zn1.35S2,99.0,,0.0,RuO2,1.0,0.0,,,0.06483860250000001,-1.392823295833332,,,7.78471911265118,,,
458,Cu0.37Ag0.15In0.80Zn0.54S2/nan/RuO2,Cu0.37Ag0.15In0.80Zn0.54S2,99.0,,0.0,RuO2,1.0,0.0,,,0.06483860250000001,-1.392823295833332,,,7.78471911265118,,,
459,Cu0.05Ag0.20In0.06Zn1.78S2/nan/RuO2,Cu0.05Ag0.20In0.06Zn1.78S2,99.0,,0.0,RuO2,1.0,0.0,,,0.06483860250000001,-1.392823295833332,,,7.78471911265118,,,
460,Cu0.48Ag0.34In0.36Zn1.05S2/nan/RuO2,Cu0.48Ag0.34In0.36Zn1.05S2,99.0,,0.0,RuO2,1.0,0.0,,,0.06483860250000001,-1.392823295833332,,,7.78471911265118,,,
461,Cu0.12Ag0.13In0.57Zn1.02S2/nan/RuO2,Cu0.12Ag0.13In0.57Zn1.02S2,99.0,,0.0,RuO2,1.0,0.0,,,0.06483860250000001,-1.392823295833332,,,7.78471911265118,,,
